{"cameraMode":{"drawMode":0,"name":"Shaded","section":"Shading Mode"},"sceneLighting":false,"audioPlay":false,"sceneViewState":{"m_AlwaysRefresh":false,"showFog":true,"showSkybox":false,"showFlares":true,"showImageEffects":true,"showParticleSystems":true,"showVisualEffectGraphs":true,"m_FxEnabled":true},"in2DMode":false,"pivot":{"x":0.0000027418136596679689,"y":0.8541332483291626,"z":0.11110895872116089},"rotation":{"x":0.09804512560367584,"y":-0.8751879930496216,"z":0.19975630939006806,"w":0.4295807480812073},"size":1.1294662952423096,"orthographic":false}