{"cameraMode":{"drawMode":0,"name":"Shaded","section":"Shading Mode"},"sceneLighting":false,"audioPlay":false,"sceneViewState":{"m_AlwaysRefresh":false,"showFog":true,"showSkybox":false,"showFlares":true,"showImageEffects":true,"showParticleSystems":true,"showVisualEffectGraphs":true,"m_FxEnabled":true},"in2DMode":false,"pivot":{"x":0.0046947672963142399,"y":0.5660072565078735,"z":7.450580596923828e-9},"rotation":{"x":0.09804512560367584,"y":-0.8751879930496216,"z":0.19975630939006806,"w":0.4295807480812073},"size":0.5688800811767578,"orthographic":false}